[
  {
    "id": "cc862ead-e8ff-4732-bb6b-c3a6733b5df2",
    "data": [
      {
        "text": "what percent is the answer precise",
        "userDefined": false
      }
    ],
    "isTemplate": false,
    "count": 0,
    "lang": "en",
    "updated": 0
  },
  {
    "id": "6883dcf6-9790-4957-b99f-f5bbbcd6ed0f",
    "data": [
      {
        "text": "validity of the answer",
        "userDefined": false
      }
    ],
    "isTemplate": false,
    "count": 0,
    "lang": "en",
    "updated": 0
  },
  {
    "id": "c359b9e4-205f-41cf-8866-927b902cab6a",
    "data": [
      {
        "text": "probablity of correct answer",
        "userDefined": false
      }
    ],
    "isTemplate": false,
    "count": 0,
    "lang": "en",
    "updated": 0
  },
  {
    "id": "12258fea-db00-4dee-8049-b027bfbec1ed",
    "data": [
      {
        "text": "how exact is the answer",
        "userDefined": false
      }
    ],
    "isTemplate": false,
    "count": 0,
    "lang": "en",
    "updated": 0
  },
  {
    "id": "927095c0-e8ed-459c-a893-ecb11da18dce",
    "data": [
      {
        "text": "how accurate is the answer",
        "userDefined": false
      }
    ],
    "isTemplate": false,
    "count": 0,
    "lang": "en",
    "updated": 0
  },
  {
    "id": "f425d358-f240-4879-b5d3-8ea4acef45de",
    "data": [
      {
        "text": "accuracy of answer",
        "userDefined": false
      }
    ],
    "isTemplate": false,
    "count": 0,
    "lang": "en",
    "updated": 0
  },
  {
    "id": "5284b4f2-8ac9-4716-b336-fe512f62f3fa",
    "data": [
      {
        "text": "show me the confidence of the answer",
        "userDefined": false
      }
    ],
    "isTemplate": false,
    "count": 0,
    "lang": "en",
    "updated": 0
  }
]