[
  {
    "id": "c8e8a96e-6bef-4665-9c4b-f981f3d79ec9",
    "data": [
      {
        "text": "get answer from Qanary",
        "userDefined": false
      }
    ],
    "isTemplate": false,
    "count": 0,
    "lang": "en",
    "updated": 0
  },
  {
    "id": "1fd0cc15-47b6-4e30-8645-671d1c4f5d7d",
    "data": [
      {
        "text": "what answer do I get from Qanary for the ",
        "userDefined": false
      },
      {
        "text": "question",
        "userDefined": false
      }
    ],
    "isTemplate": false,
    "count": 0,
    "lang": "en",
    "updated": 0
  },
  {
    "id": "fff677fe-5a25-47b2-8648-90437d96c76b",
    "data": [
      {
        "text": "ask Qanary the ",
        "userDefined": false
      },
      {
        "text": "question",
        "userDefined": false
      }
    ],
    "isTemplate": false,
    "count": 0,
    "lang": "en",
    "updated": 0
  }
]