[
  {
    "id": "199a4676-f1f1-4014-81d0-826e8330af9d",
    "data": [
      {
        "text": "create profile ",
        "userDefined": false
      },
      {
        "text": "country",
        "meta": "@sys.any",
        "alias": "newprofilename",
        "userDefined": true
      }
    ],
    "isTemplate": false,
    "count": 0,
    "lang": "en",
    "updated": 0
  },
  {
    "id": "ff2503ee-6f59-40a1-bca7-bfd801fc6391",
    "data": [
      {
        "text": "create a profile named ",
        "userDefined": false
      },
      {
        "text": "sport",
        "meta": "@sys.any",
        "alias": "newprofilename",
        "userDefined": true
      }
    ],
    "isTemplate": false,
    "count": 0,
    "lang": "en",
    "updated": 0
  },
  {
    "id": "42b6f01a-e58e-480e-b502-82d23a7ab704",
    "data": [
      {
        "text": "create ",
        "userDefined": false
      },
      {
        "text": "birth",
        "meta": "@sys.any",
        "alias": "newprofilename",
        "userDefined": true
      },
      {
        "text": " profile",
        "userDefined": false
      }
    ],
    "isTemplate": false,
    "count": 0,
    "lang": "en",
    "updated": 0
  }
]