[
  {
    "id": "dbccde1a-5830-480c-9e06-e72b3a9a089b",
    "data": [
      {
        "text": "accuracy with which ",
        "userDefined": false
      },
      {
        "text": "Mars",
        "meta": "@sys.any",
        "alias": "recognizedentity",
        "userDefined": true
      },
      {
        "text": " was recognized",
        "userDefined": false
      }
    ],
    "isTemplate": false,
    "count": 0,
    "lang": "en",
    "updated": 0
  },
  {
    "id": "5446214f-ca1e-48e9-8448-244cdca9dd79",
    "data": [
      {
        "text": "confidence score of ",
        "userDefined": false
      },
      {
        "text": "Mars",
        "meta": "@sys.any",
        "alias": "recognizedentity",
        "userDefined": true
      }
    ],
    "isTemplate": false,
    "count": 0,
    "lang": "en",
    "updated": 0
  },
  {
    "id": "f8c53739-7edd-4649-afe3-919a7efd1474",
    "data": [
      {
        "text": "the precision with which ",
        "userDefined": false
      },
      {
        "text": "Mars",
        "meta": "@sys.any",
        "alias": "recognizedentity",
        "userDefined": true
      },
      {
        "text": " was identified",
        "userDefined": false
      }
    ],
    "isTemplate": false,
    "count": 0,
    "lang": "en",
    "updated": 0
  },
  {
    "id": "85c5845f-f88c-4d93-a93a-4b37e1325bcf",
    "data": [
      {
        "text": "show me the confidence score for ",
        "userDefined": false
      },
      {
        "text": "Mars",
        "meta": "@sys.any",
        "alias": "recognizedentity",
        "userDefined": true
      }
    ],
    "isTemplate": false,
    "count": 0,
    "lang": "en",
    "updated": 0
  }
]