[
  {
    "id": "c2940e74-489e-4f2e-9fe7-e9bba383fbce",
    "data": [
      {
        "text": "How did you find the answer to previous ",
        "userDefined": false
      },
      {
        "text": "question",
        "meta": "@componententity",
        "alias": "componententity",
        "userDefined": false
      }
    ],
    "isTemplate": false,
    "count": 0,
    "lang": "en",
    "updated": 0
  },
  {
    "id": "fd658c69-56a0-4896-ba21-54578f5fb41a",
    "data": [
      {
        "text": "Give context behind previous answer",
        "userDefined": false
      }
    ],
    "isTemplate": false,
    "count": 0,
    "lang": "en",
    "updated": 0
  },
  {
    "id": "07bc50ff-1162-431f-a50c-20a312a38acf",
    "data": [
      {
        "text": "Explanation for previous ",
        "userDefined": false
      },
      {
        "text": "question",
        "meta": "@componententity",
        "alias": "componententity",
        "userDefined": false
      }
    ],
    "isTemplate": false,
    "count": 0,
    "lang": "en",
    "updated": 0
  }
]