[
  {
    "id": "fa08c56e-b1b9-426c-8a4a-bf38fe1fd0de",
    "data": [
      {
        "text": "show components",
        "userDefined": false
      }
    ],
    "isTemplate": false,
    "count": 0,
    "lang": "en",
    "updated": 0
  },
  {
    "id": "25d72cd0-6424-47ef-90c1-e5e2c23ea33f",
    "data": [
      {
        "text": "show component",
        "userDefined": false
      }
    ],
    "isTemplate": false,
    "count": 0,
    "lang": "en",
    "updated": 0
  },
  {
    "id": "03e6bda1-d72e-4c02-888c-7fba25c067cb",
    "data": [
      {
        "text": "tell me an order of components list",
        "userDefined": false
      }
    ],
    "isTemplate": false,
    "count": 1,
    "lang": "en",
    "updated": 0
  },
  {
    "id": "690dd0f8-d60e-41f1-bfe3-661dfd65a548",
    "data": [
      {
        "text": "give me a list of active components",
        "userDefined": false
      }
    ],
    "isTemplate": false,
    "count": 0,
    "lang": "en",
    "updated": 0
  },
  {
    "id": "699c0240-84ea-4f2d-9e3a-c5d4c2bbacab",
    "data": [
      {
        "text": "tell me an order of active components",
        "userDefined": false
      }
    ],
    "isTemplate": false,
    "count": 0,
    "lang": "en",
    "updated": 0
  },
  {
    "id": "8db51dbb-b4a5-47c9-9c6f-5d9cb693baf6",
    "data": [
      {
        "text": "tell me a list of active components",
        "userDefined": false
      }
    ],
    "isTemplate": false,
    "count": 0,
    "lang": "en",
    "updated": 0
  },
  {
    "id": "62fb486a-d9c4-43cc-a0cc-c233577403c2",
    "data": [
      {
        "text": "list of active components",
        "userDefined": false
      }
    ],
    "isTemplate": false,
    "count": 0,
    "lang": "en",
    "updated": 0
  },
  {
    "id": "ade93170-c30d-47dc-9b56-43038f6b3fd3",
    "data": [
      {
        "text": "order of active components",
        "userDefined": false
      }
    ],
    "isTemplate": false,
    "count": 0,
    "lang": "en",
    "updated": 0
  },
  {
    "id": "fba1e226-1c0a-40e5-a9cc-990c54d53864",
    "data": [
      {
        "text": "show me the order of components",
        "userDefined": false
      }
    ],
    "isTemplate": false,
    "count": 0,
    "lang": "en",
    "updated": 0
  },
  {
    "id": "65bfb983-2424-4e18-9e10-6118c10bc3bb",
    "data": [
      {
        "text": "show me a list of components",
        "userDefined": false
      }
    ],
    "isTemplate": false,
    "count": 0,
    "lang": "en",
    "updated": 0
  },
  {
    "id": "edad9250-ded9-40ff-b803-d5d7edd3a802",
    "data": [
      {
        "text": "show me a list of active components",
        "userDefined": false
      }
    ],
    "isTemplate": false,
    "count": 0,
    "lang": "en",
    "updated": 0
  }
]