[
  {
    "id": "d2f1e43f-0ef0-4253-ab3e-187a4bde169b",
    "data": [
      {
        "text": "from profile ",
        "userDefined": false
      },
      {
        "text": "Tom",
        "meta": "@sys.last-name",
        "alias": "profilename",
        "userDefined": true
      },
      {
        "text": " remove ",
        "userDefined": false
      },
      {
        "text": "NED-DbpediaSpotlight",
        "meta": "@sys.any",
        "alias": "componentname",
        "userDefined": true
      }
    ],
    "isTemplate": false,
    "count": 0,
    "lang": "en",
    "updated": 0
  },
  {
    "id": "7752ce70-cdca-4bdc-b32d-1466ec7b2328",
    "data": [
      {
        "text": "from profile ",
        "userDefined": false
      },
      {
        "text": "Tom",
        "meta": "@sys.last-name",
        "alias": "profilename",
        "userDefined": true
      },
      {
        "text": " remove component ",
        "userDefined": false
      },
      {
        "text": "NED-DbpediaSpotlight",
        "meta": "@sys.any",
        "alias": "componentname",
        "userDefined": true
      }
    ],
    "isTemplate": false,
    "count": 0,
    "lang": "en",
    "updated": 0
  }
]