[
  {
    "id": "379d8a09-7606-47f7-9b96-3f00280b44d7",
    "data": [
      {
        "text": "tell me real name of ",
        "userDefined": false
      },
      {
        "text": "batman",
        "meta": "@sys.any",
        "alias": "superheroname",
        "userDefined": true
      },
      {
        "text": "?",
        "userDefined": false
      }
    ],
    "isTemplate": false,
    "count": 0,
    "lang": "en",
    "updated": 0
  },
  {
    "id": "2c77e396-180f-4f72-9f1a-15f707fa8582",
    "data": [
      {
        "text": "what is real name of ",
        "userDefined": false
      },
      {
        "text": "batman",
        "meta": "@sys.any",
        "alias": "superheroname",
        "userDefined": true
      },
      {
        "text": "?",
        "userDefined": false
      }
    ],
    "isTemplate": false,
    "count": 0,
    "lang": "en",
    "updated": 0
  },
  {
    "id": "9defdbbf-bd6c-4ce6-bf5e-00661bf3e5c6",
    "data": [
      {
        "text": "What is the real name of ",
        "userDefined": false
      },
      {
        "text": "Batman",
        "meta": "@sys.any",
        "alias": "superheroname",
        "userDefined": true
      },
      {
        "text": "?",
        "userDefined": false
      }
    ],
    "isTemplate": false,
    "count": 1,
    "lang": "en",
    "updated": 0
  }
]