[
  {
    "id": "2f485aff-b7e3-4596-ba30-dc0d785e2149",
    "data": [
      {
        "text": "for profile name ",
        "userDefined": false
      },
      {
        "text": "Tom",
        "meta": "@sys.last-name",
        "alias": "profilename",
        "userDefined": true
      },
      {
        "text": " add ",
        "userDefined": false
      },
      {
        "text": "NED-DbpediaSpotlight",
        "meta": "@sys.any",
        "alias": "componentname",
        "userDefined": true
      }
    ],
    "isTemplate": false,
    "count": 0,
    "lang": "en",
    "updated": 0
  },
  {
    "id": "8c562ae8-44e6-406f-9f23-b753c6113d43",
    "data": [
      {
        "text": "to profile ",
        "userDefined": false
      },
      {
        "text": "Tom",
        "meta": "@sys.last-name",
        "alias": "profilename",
        "userDefined": true
      },
      {
        "text": " add ",
        "userDefined": false
      },
      {
        "text": "NED-DbpediaSpotlight",
        "meta": "@sys.any",
        "alias": "componentname",
        "userDefined": true
      }
    ],
    "isTemplate": false,
    "count": 0,
    "lang": "en",
    "updated": 0
  },
  {
    "id": "868acd29-0404-4f85-a01f-e2ee28bfb0e5",
    "data": [
      {
        "text": "add ",
        "userDefined": false
      },
      {
        "text": "NED-DBpediaSpotlight",
        "meta": "@sys.any",
        "alias": "componentname",
        "userDefined": true
      },
      {
        "text": " to profile ",
        "userDefined": false
      },
      {
        "text": "Tom",
        "meta": "@sys.last-name",
        "alias": "profilename",
        "userDefined": true
      }
    ],
    "isTemplate": false,
    "count": 0,
    "lang": "en",
    "updated": 0
  },
  {
    "id": "bdd07a9e-afcb-4d40-9625-77aa86b0b4f7",
    "data": [
      {
        "text": "add component ",
        "userDefined": false
      },
      {
        "text": "NED-DBpediaSpotlight",
        "meta": "@sys.any",
        "alias": "componentname",
        "userDefined": true
      },
      {
        "text": " to profile ",
        "userDefined": false
      },
      {
        "text": "Tom",
        "meta": "@sys.last-name",
        "alias": "profilename",
        "userDefined": true
      }
    ],
    "isTemplate": false,
    "count": 0,
    "lang": "en",
    "updated": 0
  }
]