[
  {
    "id": "512e8651-8334-4f34-8598-1dc7251afaf5",
    "data": [
      {
        "text": "reset components list",
        "userDefined": false
      }
    ],
    "isTemplate": false,
    "count": 0,
    "lang": "en",
    "updated": 0
  },
  {
    "id": "29769023-edd1-4b94-b73e-412e0903291d",
    "data": [
      {
        "text": "reset component list",
        "userDefined": false
      }
    ],
    "isTemplate": false,
    "count": 0,
    "lang": "en",
    "updated": 0
  },
  {
    "id": "085bdc5d-44d3-4991-a679-a69b3bfc948a",
    "data": [
      {
        "text": "reset all of the components",
        "userDefined": false
      }
    ],
    "isTemplate": false,
    "count": 0,
    "lang": "en",
    "updated": 0
  },
  {
    "id": "0816787c-d686-41da-be07-18d14b2bc759",
    "data": [
      {
        "text": "reset all the component list",
        "userDefined": false
      }
    ],
    "isTemplate": false,
    "count": 0,
    "lang": "en",
    "updated": 0
  }
]