[
  {
    "id": "96e181f6-82d4-41b5-b836-e952146957f5",
    "data": [
      {
        "text": "different replacement for ",
        "userDefined": false
      },
      {
        "text": "Mars",
        "meta": "@sys.any",
        "alias": "recognizedentitiy",
        "userDefined": true
      }
    ],
    "isTemplate": false,
    "count": 0,
    "lang": "en",
    "updated": 0
  },
  {
    "id": "7a93f0e1-467c-4c76-a65b-33d891fdc3d9",
    "data": [
      {
        "text": "show me substitutes for ",
        "userDefined": false
      },
      {
        "text": "Mars",
        "meta": "@sys.any",
        "alias": "recognizedentitiy",
        "userDefined": true
      }
    ],
    "isTemplate": false,
    "count": 0,
    "lang": "en",
    "updated": 0
  },
  {
    "id": "ea3d70dd-f8bc-4388-ab7b-39315736d2a4",
    "data": [
      {
        "text": "other choices for ",
        "userDefined": false
      },
      {
        "text": "Mars",
        "meta": "@sys.any",
        "alias": "recognizedentitiy",
        "userDefined": true
      }
    ],
    "isTemplate": false,
    "count": 0,
    "lang": "en",
    "updated": 0
  },
  {
    "id": "48ed6c12-07bc-4b3f-adc4-ad182d905c1a",
    "data": [
      {
        "text": "other options for ",
        "userDefined": false
      },
      {
        "text": "Mars",
        "meta": "@sys.any",
        "alias": "recognizedentitiy",
        "userDefined": true
      }
    ],
    "isTemplate": false,
    "count": 0,
    "lang": "en",
    "updated": 0
  },
  {
    "id": "af06c747-8f2a-4be5-ac94-e8510f621434",
    "data": [
      {
        "text": "alternative for ",
        "userDefined": false
      },
      {
        "text": "Mars",
        "meta": "@sys.any",
        "alias": "recognizedentitiy",
        "userDefined": true
      }
    ],
    "isTemplate": false,
    "count": 0,
    "lang": "en",
    "updated": 0
  },
  {
    "id": "32ba8514-7327-48e0-9967-e2bc430c0c2c",
    "data": [
      {
        "text": "show me a replacement for ",
        "userDefined": false
      },
      {
        "text": "Mars",
        "meta": "@sys.any",
        "alias": "recognizedentitiy",
        "userDefined": true
      }
    ],
    "isTemplate": false,
    "count": 0,
    "lang": "en",
    "updated": 0
  }
]